2,NDAM,,,,,,,,,,,
GRAND_ID,DamName,DamLon,DamLat,upreal,DamIX,DamIY,FldVol_mcm,ConVol_mcm,TotalVol_mcm,fldsto/uparea,Qn,Qf
2276,Pao-Cachinche,-68.1287537,9.8745832,1130,449,322,91.09909658,78.90090342,170,0.08061867,6.979731,457.3564087
5275,Yangmaowan,108.0512466,34.5412483,1069,1154,222,26.97372811,103.0262719,130,0.025232674,0.84264016,214.1517334